y_hat	SE
M0 / E0	0.175463117439108	0.0404147926308889
M0 / E1	0.0789060203516579	0.0453980082321715
M0 / E2	0.0333359032678595	0.0402729647359835
M1 / E0	0.35620181585268	0.146787318518297
M1 / E1	0.207006368096288	0.0169018086113629
M1 / E2	0.109657588697615	0.0609778782661206
M2 / E0	0.589915809866366	0.30956429075336
M2 / E1	0.443041638138956	0.15787687858855
M2 / E2	0.305493970286066	0.00979932030434694
